WHO_region,sum
Africa,19100.0686771777
Americas,6949.1160050484
Eastern Mediterranean,8693.79333669027
Europe,6684.20546351224
South-East Asia,23898.5978003236
Western Pacific,9942.31147444291
